Date,Open,High,Low,Close
2018.01.02 00:01,112.503,112.594,112.503,112.594
2018.01.02 00:02,112.594,112.594,112.593,112.593
2018.01.02 00:03,112.593,112.607,112.586,112.604
2018.01.02 00:04,112.599,112.599,112.564,112.568
2018.01.02 00:05,112.564,112.603,112.564,112.594
2018.01.02 00:06,112.594,112.624,112.594,112.6
2018.01.02 00:07,112.6,112.622,112.599,112.6
2018.01.02 00:08,112.6,112.621,112.595,112.595
2018.01.02 00:09,112.614,112.622,112.594,112.612
2018.01.02 00:10,112.612,112.616,112.591,112.6
2018.01.02 00:11,112.6,112.613,112.598,112.6
2018.01.02 00:12,112.6,112.612,112.599,112.602
2018.01.02 00:13,112.602,112.615,112.597,112.615
2018.01.02 00:14,112.615,112.615,112.602,112.615
2018.01.02 00:15,112.615,112.646,112.594,112.646
2018.01.02 00:16,112.646,112.653,112.619,112.624
2018.01.02 00:17,112.624,112.658,112.613,112.648
2018.01.02 00:18,112.646,112.675,112.616,112.661
2018.01.02 00:19,112.662,112.663,112.661,112.663
2018.01.02 00:20,112.663,112.663,112.618,112.618
2018.01.02 00:21,112.618,112.618,112.603,112.603
2018.01.02 00:22,112.603,112.62,112.603,112.619
2018.01.02 00:23,112.619,112.626,112.6,112.621
2018.01.02 00:24,112.621,112.628,112.591,112.623
2018.01.02 00:25,112.62,112.648,112.595,112.6
2018.01.02 00:26,112.6,112.639,112.596,112.6
2018.01.02 00:27,112.6,112.641,112.597,112.597
2018.01.02 00:28,112.597,112.639,112.59,112.606
2018.01.02 00:29,112.606,112.623,112.597,112.597
2018.01.02 00:30,112.597,112.597,112.588,112.588
2018.01.02 00:31,112.588,112.59,112.588,112.59
2018.01.02 00:32,112.59,112.592,112.579,112.59
2018.01.02 00:33,112.59,112.59,112.589,112.589
2018.01.02 00:34,112.589,112.592,112.577,112.589
2018.01.02 00:35,112.589,112.593,112.587,112.593
2018.01.02 00:36,112.593,112.593,112.565,112.592
2018.01.02 00:37,112.592,112.593,112.592,112.593
2018.01.02 00:38,112.593,112.599,112.577,112.594
2018.01.02 00:39,112.594,112.594,112.582,112.585
2018.01.02 00:40,112.584,112.597,112.584,112.596
2018.01.02 00:41,112.596,112.596,112.595,112.596
2018.01.02 00:42,112.596,112.596,112.594,112.595
2018.01.02 00:43,112.595,112.598,112.595,112.598
2018.01.02 00:44,112.598,112.603,112.598,112.602
2018.01.02 00:45,112.602,112.602,112.594,112.596
2018.01.02 00:46,112.596,112.598,112.596,112.596
2018.01.02 00:47,112.596,112.598,112.582,112.582
2018.01.02 00:48,112.582,112.586,112.582,112.584
2018.01.02 00:49,112.584,112.586,112.584,112.586
2018.01.02 00:50,112.586,112.587,112.584,112.584
2018.01.02 00:51,112.584,112.585,112.583,112.584
2018.01.02 00:52,112.584,112.585,112.583,112.584
2018.01.02 00:53,112.584,112.587,112.583,112.587
2018.01.02 00:54,112.587,112.587,112.584,112.586
2018.01.02 00:55,112.586,112.587,112.585,112.586
2018.01.02 00:56,112.586,112.587,112.585,112.587
2018.01.02 00:57,112.587,112.589,112.586,112.589
2018.01.02 00:58,112.589,112.589,112.584,112.586
2018.01.02 00:59,112.586,112.586,112.584,112.585
2018.01.02 01:00,112.585,112.596,112.585,112.593
2018.01.02 01:01,112.593,112.603,112.591,112.596
2018.01.02 01:02,112.596,112.602,112.594,112.596
2018.01.02 01:03,112.596,112.648,112.596,112.638
2018.01.02 01:04,112.638,112.663,112.637,112.663
2018.01.02 01:05,112.663,112.668,112.638,112.66
2018.01.02 01:06,112.66,112.676,112.638,112.659
2018.01.02 01:07,112.659,112.665,112.644,112.65
2018.01.02 01:08,112.65,112.675,112.643,112.664
2018.01.02 01:09,112.664,112.675,112.645,112.649
2018.01.02 01:10,112.649,112.655,112.624,112.631
2018.01.02 01:11,112.631,112.648,112.622,112.644
2018.01.02 01:12,112.644,112.65,112.633,112.643
2018.01.02 01:13,112.644,112.662,112.639,112.641
2018.01.02 01:14,112.642,112.651,112.64,112.643
2018.01.02 01:15,112.643,112.648,112.637,112.647
2018.01.02 01:16,112.647,112.656,112.646,112.646
2018.01.02 01:17,112.646,112.655,112.643,112.645
2018.01.02 01:18,112.645,112.654,112.645,112.653
2018.01.02 01:19,112.653,112.654,112.644,112.647
2018.01.02 01:20,112.647,112.652,112.644,112.651
2018.01.02 01:21,112.651,112.656,112.65,112.656
2018.01.02 01:22,112.656,112.656,112.653,112.656
2018.01.02 01:23,112.655,112.679,112.645,112.679
2018.01.02 01:24,112.679,112.688,112.679,112.688
2018.01.02 01:25,112.688,112.698,112.685,112.685
2018.01.02 01:26,112.685,112.696,112.68,112.693
2018.01.02 01:27,112.693,112.734,112.687,112.731
2018.01.02 01:28,112.731,112.735,112.722,112.735
2018.01.02 01:29,112.735,112.736,112.731,112.735
2018.01.02 01:30,112.735,112.737,112.726,112.728
2018.01.02 01:31,112.728,112.728,112.719,112.719
2018.01.02 01:32,112.719,112.722,112.717,112.72
2018.01.02 01:33,112.72,112.722,112.716,112.721
2018.01.02 01:34,112.721,112.725,112.715,112.715
2018.01.02 01:35,112.715,112.72,112.714,112.714
2018.01.02 01:36,112.714,112.731,112.714,112.73
2018.01.02 01:37,112.729,112.743,112.729,112.736
2018.01.02 01:38,112.737,112.744,112.734,112.735
2018.01.02 01:39,112.736,112.738,112.723,112.731
2018.01.02 01:40,112.732,112.736,112.731,112.731
2018.01.02 01:41,112.731,112.742,112.731,112.733
2018.01.02 01:42,112.733,112.741,112.733,112.74
2018.01.02 01:43,112.74,112.758,112.74,112.757
2018.01.02 01:44,112.758,112.772,112.757,112.77
2018.01.02 01:45,112.77,112.775,112.766,112.768
2018.01.02 01:46,112.768,112.777,112.762,112.769
2018.01.02 01:47,112.769,112.779,112.764,112.776
2018.01.02 01:48,112.775,112.778,112.775,112.778
2018.01.02 01:49,112.777,112.778,112.771,112.772
2018.01.02 01:50,112.772,112.773,112.769,112.77
2018.01.02 01:51,112.77,112.771,112.762,112.763
2018.01.02 01:52,112.763,112.764,112.762,112.763
2018.01.02 01:53,112.763,112.763,112.762,112.762
2018.01.02 01:54,112.762,112.778,112.762,112.775
2018.01.02 01:55,112.775,112.775,112.773,112.775
2018.01.02 01:56,112.774,112.775,112.767,112.768
2018.01.02 01:57,112.768,112.774,112.762,112.763
2018.01.02 01:58,112.763,112.766,112.761,112.763
2018.01.02 01:59,112.763,112.765,112.762,112.763
2018.01.02 02:00,112.763,112.767,112.748,112.759
2018.01.02 02:01,112.76,112.762,112.758,112.761
2018.01.02 02:02,112.761,112.764,112.752,112.752
2018.01.02 02:03,112.752,112.757,112.752,112.756
2018.01.02 02:04,112.755,112.758,112.751,112.753
2018.01.02 02:05,112.752,112.761,112.751,112.751
2018.01.02 02:06,112.751,112.752,112.74,112.742
2018.01.02 02:07,112.742,112.749,112.737,112.743
2018.01.02 02:08,112.743,112.744,112.738,112.742
2018.01.02 02:09,112.742,112.744,112.741,112.743
2018.01.02 02:10,112.743,112.75,112.743,112.745
2018.01.02 02:11,112.744,112.751,112.743,112.75
2018.01.02 02:12,112.75,112.75,112.742,112.744
2018.01.02 02:13,112.744,112.745,112.736,112.736
2018.01.02 02:14,112.736,112.736,112.731,112.732
2018.01.02 02:15,112.732,112.733,112.73,112.731
2018.01.02 02:16,112.731,112.733,112.731,112.732
2018.01.02 02:17,112.732,112.75,112.732,112.75
2018.01.02 02:18,112.751,112.751,112.742,112.742
2018.01.02 02:19,112.742,112.761,112.74,112.76
2018.01.02 02:20,112.76,112.765,112.752,112.762
2018.01.02 02:21,112.762,112.784,112.759,112.776
2018.01.02 02:22,112.776,112.776,112.764,112.766
2018.01.02 02:23,112.766,112.767,112.758,112.76
2018.01.02 02:24,112.76,112.765,112.756,112.757
2018.01.02 02:25,112.757,112.759,112.745,112.746
2018.01.02 02:26,112.746,112.746,112.738,112.743
2018.01.02 02:27,112.743,112.743,112.734,112.738
2018.01.02 02:28,112.738,112.745,112.738,112.745
2018.01.02 02:29,112.745,112.751,112.74,112.745
2018.01.02 02:30,112.745,112.745,112.724,112.724
2018.01.02 02:31,112.724,112.725,112.718,112.718
2018.01.02 02:32,112.718,112.72,112.713,112.719
2018.01.02 02:33,112.719,112.725,112.719,112.72
2018.01.02 02:34,112.72,112.723,112.718,112.723
2018.01.02 02:35,112.723,112.73,112.722,112.73
2018.01.02 02:36,112.729,112.731,112.729,112.73
2018.01.02 02:37,112.73,112.735,112.73,112.731
2018.01.02 02:38,112.731,112.738,112.731,112.737
2018.01.02 02:39,112.737,112.742,112.736,112.738
2018.01.02 02:40,112.738,112.745,112.737,112.743
2018.01.02 02:41,112.743,112.752,112.743,112.75
2018.01.02 02:42,112.75,112.751,112.744,112.744
2018.01.02 02:43,112.744,112.755,112.742,112.753
2018.01.02 02:44,112.753,112.758,112.753,112.754
2018.01.02 02:45,112.754,112.759,112.75,112.756
2018.01.02 02:46,112.756,112.758,112.754,112.757
2018.01.02 02:47,112.757,112.76,112.75,112.751
2018.01.02 02:48,112.751,112.751,112.75,112.751
2018.01.02 02:49,112.751,112.757,112.751,112.756
2018.01.02 02:50,112.756,112.758,112.75,112.755
2018.01.02 02:51,112.755,112.763,112.754,112.759
2018.01.02 02:52,112.759,112.763,112.757,112.763
2018.01.02 02:53,112.763,112.769,112.761,112.762
2018.01.02 02:54,112.761,112.763,112.76,112.762
2018.01.02 02:55,112.762,112.762,112.733,112.734
2018.01.02 02:56,112.734,112.735,112.725,112.725
2018.01.02 02:57,112.725,112.725,112.714,112.714
2018.01.02 02:58,112.714,112.729,112.714,112.723
2018.01.02 02:59,112.723,112.73,112.72,112.728
2018.01.02 03:00,112.728,112.744,112.719,112.731
2018.01.02 03:01,112.731,112.734,112.717,112.719
2018.01.02 03:02,112.719,112.729,112.718,112.729
2018.01.02 03:03,112.729,112.729,112.717,112.722
2018.01.02 03:04,112.722,112.723,112.717,112.722
2018.01.02 03:05,112.722,112.725,112.716,112.718
2018.01.02 03:06,112.718,112.718,112.693,112.696
2018.01.02 03:07,112.696,112.696,112.684,112.685
2018.01.02 03:08,112.685,112.691,112.682,112.684
2018.01.02 03:09,112.684,112.689,112.671,112.671
2018.01.02 03:10,112.67,112.672,112.651,112.654
2018.01.02 03:11,112.654,112.672,112.654,112.67
2018.01.02 03:12,112.67,112.694,112.667,112.693
2018.01.02 03:13,112.693,112.693,112.689,112.691
2018.01.02 03:14,112.691,112.705,112.684,112.691
2018.01.02 03:15,112.691,112.692,112.689,112.69
2018.01.02 03:16,112.69,112.693,112.658,112.672
2018.01.02 03:17,112.67,112.674,112.666,112.667
2018.01.02 03:18,112.667,112.667,112.656,112.663
2018.01.02 03:19,112.662,112.673,112.661,112.667
2018.01.02 03:20,112.667,112.67,112.66,112.67
2018.01.02 03:21,112.67,112.678,112.669,112.674
2018.01.02 03:22,112.674,112.678,112.671,112.677
2018.01.02 03:23,112.677,112.689,112.676,112.68
2018.01.02 03:24,112.68,112.68,112.668,112.673
2018.01.02 03:25,112.673,112.682,112.673,112.679
2018.01.02 03:26,112.678,112.678,112.676,112.676
2018.01.02 03:27,112.676,112.677,112.674,112.675
2018.01.02 03:28,112.675,112.68,112.675,112.675
2018.01.02 03:29,112.675,112.675,112.655,112.667
2018.01.02 03:30,112.667,112.673,112.664,112.665
2018.01.02 03:31,112.665,112.671,112.665,112.666
2018.01.02 03:32,112.665,112.667,112.661,112.661
2018.01.02 03:33,112.661,112.67,112.655,112.67
2018.01.02 03:34,112.67,112.693,112.67,112.691
2018.01.02 03:35,112.691,112.693,112.688,112.688
2018.01.02 03:36,112.688,112.693,112.687,112.692
2018.01.02 03:37,112.692,112.699,112.692,112.699
2018.01.02 03:38,112.699,112.701,112.694,112.699
2018.01.02 03:39,112.699,112.7,112.687,112.689
2018.01.02 03:40,112.689,112.699,112.683,112.696
2018.01.02 03:41,112.696,112.696,112.691,112.692
2018.01.02 03:42,112.692,112.692,112.679,112.681
2018.01.02 03:43,112.681,112.685,112.679,112.683
2018.01.02 03:44,112.683,112.692,112.683,112.691
2018.01.02 03:45,112.69,112.698,112.69,112.695
2018.01.02 03:46,112.695,112.708,112.695,112.703
2018.01.02 03:47,112.703,112.705,112.693,112.693
2018.01.02 03:48,112.693,112.702,112.678,112.679
2018.01.02 03:49,112.679,112.696,112.677,112.693
2018.01.02 03:50,112.693,112.699,112.692,112.698
2018.01.02 03:51,112.698,112.698,112.69,112.694
2018.01.02 03:52,112.694,112.698,112.691,112.691
2018.01.02 03:53,112.691,112.696,112.684,112.684
2018.01.02 03:54,112.684,112.699,112.678,112.699
2018.01.02 03:55,112.699,112.712,112.695,112.712
2018.01.02 03:56,112.712,112.712,112.693,112.704
2018.01.02 03:57,112.704,112.706,112.698,112.706
2018.01.02 03:58,112.706,112.719,112.705,112.719
2018.01.02 03:59,112.719,112.72,112.708,112.715
2018.01.02 04:00,112.715,112.716,112.708,112.709
2018.01.02 04:01,112.709,112.719,112.705,112.716
2018.01.02 04:02,112.715,112.717,112.711,112.714
2018.01.02 04:03,112.714,112.715,112.71,112.713
2018.01.02 04:04,112.714,112.715,112.708,112.714
2018.01.02 04:05,112.714,112.727,112.714,112.722
2018.01.02 04:06,112.722,112.722,112.708,112.71
2018.01.02 04:07,112.71,112.721,112.709,112.714
2018.01.02 04:08,112.715,112.721,112.714,112.721
2018.01.02 04:09,112.721,112.74,112.721,112.732
2018.01.02 04:10,112.732,112.734,112.719,112.722
2018.01.02 04:11,112.722,112.735,112.722,112.731
2018.01.02 04:12,112.732,112.732,112.718,112.722
2018.01.02 04:13,112.722,112.726,112.722,112.722
2018.01.02 04:14,112.722,112.726,112.722,112.725
2018.01.02 04:15,112.726,112.731,112.722,112.723
2018.01.02 04:16,112.722,112.723,112.719,112.722
2018.01.02 04:17,112.722,112.722,112.72,112.72
2018.01.02 04:18,112.72,112.721,112.715,112.718
2018.01.02 04:19,112.718,112.723,112.715,112.722
2018.01.02 04:20,112.722,112.722,112.719,112.719
2018.01.02 04:21,112.719,112.725,112.719,112.722
2018.01.02 04:22,112.722,112.739,112.722,112.725
2018.01.02 04:23,112.725,112.732,112.725,112.729
2018.01.02 04:24,112.729,112.73,112.719,112.721
2018.01.02 04:25,112.721,112.741,112.721,112.734
2018.01.02 04:26,112.733,112.735,112.732,112.732
2018.01.02 04:27,112.732,112.735,112.732,112.733
2018.01.02 04:28,112.734,112.734,112.719,112.72
2018.01.02 04:29,112.72,112.726,112.72,112.725
2018.01.02 04:30,112.725,112.746,112.724,112.732
2018.01.02 04:31,112.732,112.737,112.731,112.732
2018.01.02 04:32,112.732,112.732,112.725,112.726
2018.01.02 04:33,112.726,112.727,112.725,112.726
2018.01.02 04:34,112.726,112.731,112.724,112.725
2018.01.02 04:35,112.725,112.726,112.714,112.721
2018.01.02 04:36,112.721,112.722,112.706,112.714
2018.01.02 04:37,112.714,112.721,112.712,112.718
2018.01.02 04:38,112.719,112.72,112.712,112.716
2018.01.02 04:39,112.717,112.718,112.704,112.709
2018.01.02 04:40,112.708,112.71,112.706,112.708
2018.01.02 04:41,112.708,112.712,112.706,112.709
2018.01.02 04:42,112.709,112.709,112.705,112.708
2018.01.02 04:43,112.708,112.716,112.706,112.716
2018.01.02 04:44,112.716,112.716,112.702,112.703
2018.01.02 04:45,112.703,112.709,112.701,112.709
2018.01.02 04:46,112.709,112.711,112.707,112.71
2018.01.02 04:47,112.71,112.711,112.707,112.71
2018.01.02 04:48,112.711,112.711,112.708,112.711
2018.01.02 04:49,112.711,112.725,112.711,112.721
2018.01.02 04:50,112.721,112.722,112.714,112.714
2018.01.02 04:51,112.714,112.715,112.701,112.703
2018.01.02 04:52,112.703,112.704,112.701,112.702
2018.01.02 04:53,112.702,112.706,112.696,112.696
2018.01.02 04:54,112.696,112.704,112.696,112.702
2018.01.02 04:55,112.702,112.705,112.696,112.701
2018.01.02 04:56,112.701,112.705,112.701,112.703
2018.01.02 04:57,112.702,112.71,112.702,112.709
2018.01.02 04:58,112.708,112.709,112.707,112.707
2018.01.02 04:59,112.708,112.709,112.702,112.709
2018.01.02 05:00,112.708,112.714,112.704,112.709
2018.01.02 05:01,112.709,112.71,112.696,112.703
2018.01.02 05:02,112.703,112.706,112.702,112.703
2018.01.02 05:03,112.703,112.706,112.702,112.703
2018.01.02 05:04,112.703,112.711,112.702,112.71
2018.01.02 05:05,112.71,112.71,112.703,112.703
2018.01.02 05:06,112.703,112.703,112.689,112.696
2018.01.02 05:07,112.695,112.696,112.681,112.69
2018.01.02 05:08,112.69,112.692,112.67,112.671
2018.01.02 05:09,112.671,112.681,112.671,112.677
2018.01.02 05:10,112.677,112.682,112.677,112.682
2018.01.02 05:11,112.682,112.69,112.681,112.689
2018.01.02 05:12,112.689,112.689,112.681,112.684
2018.01.02 05:13,112.684,112.694,112.683,112.689
2018.01.02 05:14,112.688,112.694,112.688,112.692
2018.01.02 05:15,112.693,112.693,112.688,112.689
2018.01.02 05:16,112.689,112.689,112.68,112.68
2018.01.02 05:17,112.68,112.683,112.677,112.678
2018.01.02 05:18,112.678,112.681,112.668,112.681
2018.01.02 05:19,112.681,112.688,112.675,112.676
2018.01.02 05:20,112.676,112.676,112.658,112.667
2018.01.02 05:21,112.667,112.676,112.667,112.675
2018.01.02 05:22,112.675,112.677,112.674,112.676
2018.01.02 05:23,112.676,112.677,112.669,112.675
2018.01.02 05:24,112.675,112.681,112.674,112.681
2018.01.02 05:25,112.681,112.681,112.676,112.68
2018.01.02 05:26,112.68,112.686,112.679,112.68
2018.01.02 05:27,112.68,112.683,112.679,112.682
2018.01.02 05:28,112.682,112.684,112.675,112.679
2018.01.02 05:29,112.679,112.68,112.677,112.679
2018.01.02 05:30,112.679,112.684,112.675,112.676
2018.01.02 05:31,112.676,112.677,112.67,112.671
2018.01.02 05:32,112.671,112.677,112.67,112.677
2018.01.02 05:33,112.677,112.678,112.675,112.676
2018.01.02 05:34,112.676,112.676,112.668,112.669
2018.01.02 05:35,112.669,112.67,112.663,112.669
2018.01.02 05:36,112.669,112.681,112.669,112.681
2018.01.02 05:37,112.681,112.683,112.679,112.682
2018.01.02 05:38,112.682,112.688,112.682,112.686
2018.01.02 05:39,112.686,112.688,112.682,112.684
2018.01.02 05:40,112.684,112.685,112.682,112.682
2018.01.02 05:41,112.682,112.682,112.682,112.682
2018.01.02 05:42,112.682,112.686,112.667,112.668
2018.01.02 05:43,112.668,112.674,112.668,112.672
2018.01.02 05:44,112.672,112.674,112.67,112.673
2018.01.02 05:45,112.673,112.676,112.673,112.675
2018.01.02 05:46,112.675,112.681,112.675,112.681
2018.01.02 05:47,112.681,112.684,112.679,112.68
2018.01.02 05:48,112.68,112.684,112.679,112.681
2018.01.02 05:49,112.681,112.685,112.681,112.682
2018.01.02 05:50,112.682,112.686,112.682,112.686
2018.01.02 05:51,112.686,112.686,112.682,112.682
2018.01.02 05:52,112.682,112.684,112.681,112.681
2018.01.02 05:53,112.681,112.686,112.681,112.685
2018.01.02 05:54,112.685,112.685,112.681,112.683
2018.01.02 05:55,112.683,112.683,112.681,112.683
2018.01.02 05:56,112.683,112.692,112.683,112.689
2018.01.02 05:57,112.689,112.695,112.688,112.692
2018.01.02 05:58,112.692,112.703,112.691,112.701
2018.01.02 05:59,112.701,112.702,112.695,112.696
2018.01.02 06:00,112.696,112.698,112.69,112.694
2018.01.02 06:01,112.694,112.694,112.69,112.691
2018.01.02 06:02,112.691,112.692,112.689,112.691
2018.01.02 06:03,112.691,112.692,112.688,112.688
2018.01.02 06:04,112.688,112.691,112.686,112.688
2018.01.02 06:05,112.688,112.693,112.688,112.691
2018.01.02 06:06,112.691,112.692,112.69,112.69
2018.01.02 06:07,112.69,112.691,112.69,112.69
2018.01.02 06:08,112.69,112.692,112.69,112.691
2018.01.02 06:09,112.691,112.695,112.691,112.695
2018.01.02 06:10,112.695,112.696,112.694,112.695
2018.01.02 06:11,112.695,112.703,112.694,112.703
2018.01.02 06:12,112.703,112.71,112.702,112.706
2018.01.02 06:13,112.706,112.708,112.703,112.705
2018.01.02 06:14,112.705,112.715,112.705,112.708
2018.01.02 06:15,112.708,112.709,112.701,112.701
2018.01.02 06:16,112.701,112.705,112.696,112.696
2018.01.02 06:17,112.696,112.701,112.696,112.697
2018.01.02 06:18,112.697,112.702,112.695,112.702
2018.01.02 06:19,112.701,112.709,112.701,112.709
2018.01.02 06:20,112.709,112.714,112.708,112.713
2018.01.02 06:21,112.714,112.714,112.711,112.714
2018.01.02 06:22,112.714,112.715,112.712,112.714
2018.01.02 06:23,112.714,112.715,112.711,112.713
2018.01.02 06:24,112.713,112.713,112.707,112.707
2018.01.02 06:25,112.707,112.707,112.706,112.706
2018.01.02 06:26,112.706,112.707,112.696,112.697
2018.01.02 06:27,112.697,112.7,112.696,112.697
2018.01.02 06:28,112.697,112.707,112.697,112.704
2018.01.02 06:29,112.704,112.715,112.704,112.712
2018.01.02 06:30,112.712,112.713,112.706,112.711
2018.01.02 06:31,112.711,112.719,112.711,112.719
2018.01.02 06:32,112.719,112.72,112.699,112.707
2018.01.02 06:33,112.707,112.707,112.701,112.702
2018.01.02 06:34,112.702,112.713,112.701,112.713
2018.01.02 06:35,112.713,112.717,112.713,112.713
2018.01.02 06:36,112.713,112.715,112.712,112.715
2018.01.02 06:37,112.714,112.715,112.712,112.713
2018.01.02 06:38,112.713,112.722,112.713,112.72
2018.01.02 06:39,112.72,112.723,112.718,112.72
2018.01.02 06:40,112.72,112.724,112.719,112.722
2018.01.02 06:41,112.722,112.725,112.717,112.719
2018.01.02 06:42,112.719,112.719,112.713,112.713
2018.01.02 06:43,112.713,112.715,112.712,112.714
2018.01.02 06:44,112.714,112.716,112.713,112.715
2018.01.02 06:45,112.714,112.715,112.712,112.713
2018.01.02 06:46,112.713,112.715,112.712,112.712
2018.01.02 06:47,112.712,112.715,112.712,112.712
2018.01.02 06:48,112.712,112.714,112.711,112.713
2018.01.02 06:49,112.713,112.714,112.711,112.712
2018.01.02 06:50,112.713,112.715,112.709,112.714
2018.01.02 06:51,112.712,112.719,112.712,112.718
2018.01.02 06:52,112.718,112.72,112.718,112.719
2018.01.02 06:53,112.719,112.72,112.718,112.72
2018.01.02 06:54,112.72,112.72,112.717,112.718
2018.01.02 06:55,112.718,112.723,112.717,112.719
2018.01.02 06:56,112.719,112.722,112.718,112.718
2018.01.02 06:57,112.718,112.719,112.716,112.716
2018.01.02 06:58,112.716,112.717,112.7,112.703
2018.01.02 06:59,112.703,112.705,112.697,112.703
2018.01.02 07:00,112.703,112.707,112.7,112.702
2018.01.02 07:01,112.702,112.704,112.702,112.702
2018.01.02 07:02,112.702,112.703,112.702,112.702
2018.01.02 07:03,112.702,112.703,112.701,112.702
2018.01.02 07:04,112.702,112.707,112.701,112.702
2018.01.02 07:05,112.702,112.707,112.702,112.703
2018.01.02 07:06,112.703,112.704,112.696,112.699
2018.01.02 07:07,112.7,112.702,112.699,112.702
2018.01.02 07:08,112.702,112.709,112.702,112.708
2018.01.02 07:09,112.709,112.715,112.709,112.714
2018.01.02 07:10,112.714,112.718,112.712,112.714
2018.01.02 07:11,112.714,112.723,112.714,112.72
2018.01.02 07:12,112.72,112.732,112.72,112.728
2018.01.02 07:13,112.728,112.731,112.721,112.729
2018.01.02 07:14,112.729,112.731,112.729,112.73
2018.01.02 07:15,112.73,112.734,112.727,112.729
2018.01.02 07:16,112.728,112.734,112.728,112.733
2018.01.02 07:17,112.73,112.733,112.718,112.723
2018.01.02 07:18,112.722,112.725,112.712,112.72
2018.01.02 07:19,112.72,112.729,112.717,112.72
2018.01.02 07:20,112.72,112.724,112.719,112.719
2018.01.02 07:21,112.719,112.723,112.712,112.712
2018.01.02 07:22,112.712,112.723,112.712,112.719
2018.01.02 07:23,112.718,112.726,112.718,112.721
2018.01.02 07:24,112.721,112.731,112.719,112.727
2018.01.02 07:25,112.727,112.731,112.723,112.724
2018.01.02 07:26,112.724,112.729,112.72,112.724
2018.01.02 07:27,112.724,112.729,112.723,112.723
2018.01.02 07:28,112.723,112.728,112.718,112.719
2018.01.02 07:29,112.719,112.729,112.718,112.726
2018.01.02 07:30,112.726,112.729,112.722,112.724
2018.01.02 07:31,112.724,112.728,112.722,112.725
2018.01.02 07:32,112.725,112.728,112.724,112.724
2018.01.02 07:33,112.724,112.73,112.724,112.725
2018.01.02 07:34,112.725,112.73,112.717,112.718
2018.01.02 07:35,112.718,112.725,112.718,112.72
2018.01.02 07:36,112.72,112.724,112.719,112.72
2018.01.02 07:37,112.72,112.724,112.719,112.72
2018.01.02 07:38,112.72,112.724,112.711,112.713
2018.01.02 07:39,112.713,112.72,112.711,112.714
2018.01.02 07:40,112.714,112.724,112.712,112.72
2018.01.02 07:41,112.72,112.724,112.714,112.718
2018.01.02 07:42,112.722,112.724,112.711,112.711
2018.01.02 07:43,112.711,112.715,112.705,112.709
2018.01.02 07:44,112.709,112.71,112.703,112.706
2018.01.02 07:45,112.706,112.711,112.7,112.7
2018.01.02 07:46,112.7,112.704,112.699,112.699
2018.01.02 07:47,112.699,112.703,112.689,112.689
2018.01.02 07:48,112.689,112.696,112.688,112.693
2018.01.02 07:49,112.693,112.704,112.691,112.696
2018.01.02 07:50,112.696,112.706,112.696,112.701
2018.01.02 07:51,112.701,112.707,112.701,112.705
2018.01.02 07:52,112.705,112.71,112.701,112.702
2018.01.02 07:53,112.702,112.708,112.697,112.7
2018.01.02 07:54,112.7,112.705,112.694,112.7
2018.01.02 07:55,112.7,112.704,112.663,112.663
2018.01.02 07:56,112.663,112.685,112.661,112.681
2018.01.02 07:57,112.681,112.684,112.675,112.677
2018.01.02 07:58,112.678,112.684,112.675,112.679
2018.01.02 07:59,112.679,112.685,112.676,112.681
2018.01.02 08:00,112.68,112.689,112.68,112.682
2018.01.02 08:01,112.682,112.686,112.681,112.682
2018.01.02 08:02,112.682,112.691,112.68,112.682
2018.01.02 08:03,112.682,112.682,112.658,112.666
2018.01.02 08:04,112.666,112.669,112.652,112.658
2018.01.02 08:05,112.658,112.664,112.658,112.661
2018.01.02 08:06,112.661,112.665,112.651,112.652
2018.01.02 08:07,112.652,112.661,112.651,112.659
2018.01.02 08:08,112.655,112.659,112.641,112.645
2018.01.02 08:09,112.647,112.654,112.641,112.651
2018.01.02 08:10,112.65,112.66,112.65,112.656
2018.01.02 08:11,112.656,112.66,112.648,112.656
2018.01.02 08:12,112.656,112.661,112.654,112.656
2018.01.02 08:13,112.656,112.661,112.65,112.651
2018.01.02 08:14,112.651,112.658,112.646,112.653
2018.01.02 08:15,112.653,112.659,112.652,112.653
2018.01.02 08:16,112.653,112.659,112.652,112.652
2018.01.02 08:17,112.652,112.66,112.651,112.654
2018.01.02 08:18,112.654,112.661,112.654,112.658
2018.01.02 08:19,112.657,112.675,112.657,112.671
2018.01.02 08:20,112.671,112.676,112.67,112.671
2018.01.02 08:21,112.671,112.675,112.659,112.662
2018.01.02 08:22,112.662,112.668,112.661,112.666
2018.01.02 08:23,112.663,112.667,112.657,112.658
2018.01.02 08:24,112.658,112.666,112.657,112.663
2018.01.02 08:25,112.663,112.669,112.663,112.665
2018.01.02 08:26,112.665,112.675,112.664,112.671
2018.01.02 08:27,112.671,112.677,112.67,112.672
2018.01.02 08:28,112.672,112.677,112.671,112.672
2018.01.02 08:29,112.672,112.676,112.662,112.663
2018.01.02 08:30,112.667,112.669,112.661,112.665
2018.01.02 08:31,112.665,112.674,112.665,112.672
2018.01.02 08:32,112.672,112.677,112.669,112.673
2018.01.02 08:33,112.673,112.676,112.669,112.671
2018.01.02 08:34,112.671,112.678,112.669,112.671
2018.01.02 08:35,112.671,112.676,112.67,112.672
2018.01.02 08:36,112.672,112.678,112.669,112.675
2018.01.02 08:37,112.675,112.68,112.674,112.676
2018.01.02 08:38,112.676,112.683,112.676,112.681
2018.01.02 08:39,112.681,112.688,112.676,112.677
2018.01.02 08:40,112.677,112.68,112.674,112.675
2018.01.02 08:41,112.675,112.694,112.675,112.683
2018.01.02 08:42,112.683,112.692,112.682,112.684
2018.01.02 08:43,112.684,112.693,112.683,112.689
2018.01.02 08:44,112.689,112.693,112.683,112.687
2018.01.02 08:45,112.687,112.693,112.687,112.687
2018.01.02 08:46,112.687,112.698,112.675,112.679
2018.01.02 08:47,112.679,112.685,112.674,112.677
2018.01.02 08:48,112.677,112.686,112.677,112.682
2018.01.02 08:49,112.682,112.692,112.682,112.682
2018.01.02 08:50,112.681,112.685,112.668,112.67
2018.01.02 08:51,112.67,112.673,112.663,112.668
2018.01.02 08:52,112.668,112.668,112.649,112.655
2018.01.02 08:53,112.655,112.656,112.649,112.656
2018.01.02 08:54,112.656,112.668,112.656,112.664
2018.01.02 08:55,112.664,112.668,112.658,112.665
2018.01.02 08:56,112.665,112.679,112.664,112.674
2018.01.02 08:57,112.671,112.679,112.661,112.669
2018.01.02 08:58,112.669,112.678,112.663,112.663
2018.01.02 08:59,112.664,112.668,112.657,112.661
2018.01.02 09:00,112.662,112.666,112.646,112.661
2018.01.02 09:01,112.662,112.678,112.662,112.671
2018.01.02 09:02,112.671,112.679,112.67,112.677
2018.01.02 09:03,112.677,112.681,112.662,112.665
2018.01.02 09:04,112.665,112.672,112.657,112.657
2018.01.02 09:05,112.657,112.659,112.648,112.653
2018.01.02 09:06,112.652,112.656,112.64,112.644
2018.01.02 09:07,112.644,112.649,112.638,112.641
2018.01.02 09:08,112.641,112.648,112.627,112.633
2018.01.02 09:09,112.633,112.637,112.619,112.619
2018.01.02 09:10,112.619,112.621,112.608,112.616
2018.01.02 09:11,112.616,112.618,112.604,112.605
2018.01.02 09:12,112.605,112.621,112.601,112.615
2018.01.02 09:13,112.616,112.623,112.612,112.613
2018.01.02 09:14,112.613,112.617,112.603,112.61
2018.01.02 09:15,112.611,112.622,112.606,112.618
2018.01.02 09:16,112.619,112.628,112.61,112.623
2018.01.02 09:17,112.623,112.633,112.62,112.625
2018.01.02 09:18,112.625,112.631,112.618,112.629
2018.01.02 09:19,112.629,112.639,112.626,112.636
2018.01.02 09:20,112.636,112.642,112.632,112.636
2018.01.02 09:21,112.636,112.646,112.633,112.641
2018.01.02 09:22,112.641,112.655,112.641,112.643
2018.01.02 09:23,112.643,112.644,112.631,112.633
2018.01.02 09:24,112.633,112.641,112.632,112.634
2018.01.02 09:25,112.634,112.634,112.623,112.626
2018.01.02 09:26,112.627,112.634,112.626,112.628
2018.01.02 09:27,112.632,112.635,112.618,112.619
2018.01.02 09:28,112.619,112.628,112.617,112.624
2018.01.02 09:29,112.626,112.634,112.618,112.623
2018.01.02 09:30,112.619,112.622,112.603,112.607
2018.01.02 09:31,112.607,112.625,112.607,112.621
2018.01.02 09:32,112.621,112.631,112.619,112.624
2018.01.02 09:33,112.624,112.631,112.622,112.626
2018.01.02 09:34,112.626,112.635,112.622,112.631
2018.01.02 09:35,112.631,112.642,112.628,112.635
2018.01.02 09:36,112.635,112.64,112.624,112.625
2018.01.02 09:37,112.625,112.636,112.624,112.63
2018.01.02 09:38,112.63,112.637,112.627,112.627
2018.01.02 09:39,112.627,112.63,112.621,112.626
2018.01.02 09:40,112.626,112.635,112.622,112.625
2018.01.02 09:41,112.625,112.634,112.619,112.63
2018.01.02 09:42,112.63,112.677,112.629,112.658
2018.01.02 09:43,112.658,112.666,112.647,112.653
2018.01.02 09:44,112.657,112.664,112.652,112.652
2018.01.02 09:45,112.652,112.656,112.634,112.635
2018.01.02 09:46,112.635,112.641,112.629,112.629
2018.01.02 09:47,112.629,112.647,112.629,112.633
2018.01.02 09:48,112.633,112.637,112.629,112.632
2018.01.02 09:49,112.632,112.636,112.629,112.63
2018.01.02 09:50,112.629,112.636,112.628,112.628
2018.01.02 09:51,112.628,112.632,112.621,112.621
2018.01.02 09:52,112.621,112.632,112.621,112.632
2018.01.02 09:53,112.629,112.635,112.623,112.625
2018.01.02 09:54,112.625,112.631,112.623,112.623
2018.01.02 09:55,112.623,112.633,112.621,112.623
2018.01.02 09:56,112.623,112.627,112.62,112.622
2018.01.02 09:57,112.622,112.624,112.614,112.614
2018.01.02 09:58,112.614,112.622,112.612,112.615
2018.01.02 09:59,112.615,112.626,112.613,112.622
2018.01.02 10:00,112.621,112.625,112.61,112.613
2018.01.02 10:01,112.613,112.618,112.604,112.614
2018.01.02 10:02,112.614,112.619,112.606,112.61
2018.01.02 10:03,112.61,112.622,112.608,112.622
2018.01.02 10:04,112.622,112.632,112.604,112.608
2018.01.02 10:05,112.604,112.615,112.601,112.602
2018.01.02 10:06,112.602,112.607,112.592,112.601
2018.01.02 10:07,112.6,112.604,112.584,112.59
2018.01.02 10:08,112.59,112.595,112.578,112.579
2018.01.02 10:09,112.579,112.589,112.572,112.577
2018.01.02 10:10,112.578,112.585,112.575,112.577
2018.01.02 10:11,112.577,112.594,112.577,112.59
2018.01.02 10:12,112.59,112.598,112.589,112.591
2018.01.02 10:13,112.591,112.595,112.584,112.589
2018.01.02 10:14,112.59,112.604,112.588,112.594
2018.01.02 10:15,112.593,112.601,112.588,112.594
2018.01.02 10:16,112.594,112.6,112.589,112.594
2018.01.02 10:17,112.593,112.606,112.59,112.601
2018.01.02 10:18,112.602,112.614,112.6,112.608
2018.01.02 10:19,112.608,112.616,112.599,112.599
2018.01.02 10:20,112.6,112.605,112.597,112.599
2018.01.02 10:21,112.599,112.603,112.584,112.584
2018.01.02 10:22,112.584,112.594,112.583,112.588
2018.01.02 10:23,112.589,112.595,112.583,112.583
2018.01.02 10:24,112.583,112.586,112.556,112.557
2018.01.02 10:25,112.558,112.563,112.542,112.544
2018.01.02 10:26,112.544,112.548,112.523,112.53
2018.01.02 10:27,112.53,112.533,112.513,112.519
2018.01.02 10:28,112.519,112.53,112.502,112.51
2018.01.02 10:29,112.51,112.517,112.492,112.496
2018.01.02 10:30,112.492,112.496,112.462,112.467
2018.01.02 10:31,112.467,112.483,112.458,112.459
2018.01.02 10:32,112.459,112.463,112.42,112.433
2018.01.02 10:33,112.433,112.433,112.417,112.42